agregador,ultima_actualizacion,bolsonaro,lula,gomes,tebet,otros,indecisos_abstenciones,ventaja
Globe Elections UN (FINAL),2022-10-02,41.9,46.1,4.9,4.7,2.4,,Lula +4.2
Globe Elections UN (Diário),2022-10-01,40.0,47.5,5.8,4.7,2.0,,Lula +7.5
The Economist,2022-10-01,38.0,51.0,5.0,6.0,,,Lula +13.0
Veja,2022-10-01,33.7,44.7,6.8,4.7,,,Lula +11.0
Estadão,2022-10-01,33.0,47.0,5.0,6.0,2.0,7.0,Lula +14.0
CNN Brasil,2022-10-01,34.0,48.0,5.0,6.0,2.0,6.0,Lula +14.0
PollingData,2022-10-01,37.5,43.7,5.1,5.3,1.9,6.5,Lula +6.2
El País,2022-10-01,35.3,46.7,6.0,4.9,,,Lula +11.4
El Electoral,2022-10-01,38.5,48.5,5.5,5.0,,,Lula +10.0
Pollstergraph,2022-10-01,37.1,44.8,5.6,4.7,,,Lula +7.7
