consultora,fechas_2026,muestra,margen_error,lula,flavio,cury,renan,caiado,zema,samara,avalanche,grassi,otros,indecisos_abstenciones
Datafolha,28-30 Set,2506,2.0,42.0,38.0,4.0,3.0,3.0,1.0,1.0,0.0,1.0,0.0,7.0
Vox Brasil,26-28 Set,2100,2.15,41.0,37.8,2.2,2.7,3.8,1.8,0.0,0.0,0.1,0.3,9.3
Palver,24-28 Set,5000,2.4,44.0,44.0,1.0,8.0,1.0,1.0,0.0,0.0,0.0,0.0,2.0
Gerp,24-28 Set,2400,2.0,40.0,42.0,5.0,3.0,3.0,1.0,1.0,0.0,0.0,0.0,5.0
AtlasIntel,23-28 Set,5005,1.0,45.3,42.2,2.0,5.2,1.8,0.9,0.5,0.5,0.5,0.5,2.1
Nexus/BTG,25-27 Set,2000,2.0,42.0,37.0,5.0,4.0,5.0,1.0,1.0,0.0,0.0,0.0,5.0
Quaest,24-27 Set,2004,2.0,39.0,34.0,4.0,3.0,4.0,1.0,0.0,0.0,0.0,0.0,15.0
Datafolha,22-24 Set,2002,2.0,40.0,36.0,5.0,3.0,4.0,1.0,1.0,0.0,0.0,0.0,7.0
PoderData/Aya,20-23 Set,3000,1.8,41.0,39.0,6.0,3.0,2.0,1.0,1.0,0.0,0.0,1.0,6.0
Futura,19-23 Set,2000,2.2,38.4,40.4,5.6,2.4,5.7,0.9,0.5,0.2,0.0,0.5,5.3
Real Time Big Data,19-23 Set,2000,2.0,41.0,37.0,6.0,6.0,2.0,1.0,1.0,1.0,1.0,1.0,6.0
Alfa Inteligência,18-23 Set,2700,1.8,40.0,33.0,6.0,3.0,5.0,1.0,1.0,1.0,1.0,1.0,11.0
AtlasIntel,17-22 Set,5015,1.0,45.8,43.4,2.1,4.5,1.3,0.9,0.4,,0.0,0.4,1.2
Datafolha,15-16 Set,2002,2.0,39.0,36.0,6.0,3.0,4.0,2.0,1.0,,0.0,1.0,9.0
Quaest,10-13 Set,2004,2.0,36.0,31.0,7.0,4.0,4.0,1.0,0.0,,0.0,0.0,17.0
CNT/MDA,9-13 Set,2002,2.2,40.5,30.4,6.0,2.7,3.0,1.0,1.1,,1.1,1.8,13.5
Datafolha,8-11 Set,2002,2.0,39.0,35.0,6.0,3.0,4.0,2.0,1.0,,0.0,1.0,10.0
