fecha,bolsonaro,lula,otros,indecisos_abstenciones,brecha_lula_menos_bolsonaro
2022-10-01,34.0,47.0,12.0,7.0,13.0
2022-10-01,34.0,48.0,13.0,5.0,14.0
2022-09-30,33.0,46.0,17.0,4.0,13.0
2022-09-30,40.7,49.8,8.5,1.0,9.1
2022-09-30,36.3,44.2,11.0,8.5,7.9
2022-09-29,44.6,41.6,11.4,2.4,-3.0
2022-09-29,37.3,43.9,6.9,11.9,6.6
2022-09-29,34.0,48.0,13.0,5.0,14.0
2022-09-28,39.9,49.3,8.1,2.7,9.4
2022-09-28,37.7,40.3,15.2,6.7,2.6
2022-09-28,45.4,30.9,12.8,10.9,-14.5
2022-09-28,37.0,47.0,12.0,4.0,10.0
2022-09-27,36.0,45.0,14.0,5.0,9.0
2022-09-27,33.0,46.0,12.0,9.0,13.0
2022-09-26,36.4,42.7,11.7,9.2,6.3
2022-09-26,41.0,48.3,8.4,2.3,7.3
2022-09-26,31.0,48.0,13.0,8.0,17.0
2022-09-25,35.0,45.0,14.0,6.0,10.0
2022-09-23,43.2,42.1,11.4,3.3,-1.1
2022-09-22,46.0,41.0,13.0,0.0,-5.0
2022-09-22,33.0,47.0,14.0,6.0,14.0
2022-09-21,39.2,39.1,14.6,7.1,-0.1
2022-09-21,35.0,46.0,12.0,7.0,11.0
2022-09-20,48.4,38.6,12.0,1.0,-9.8
2022-09-20,44.9,31.0,12.2,11.9,-13.9
2022-09-20,37.0,44.0,14.0,5.0,7.0
2022-09-20,34.0,44.0,12.0,10.0,10.0
2022-09-19,36.4,40.1,13.2,10.3,3.7
2022-09-18,31.0,47.0,13.0,9.0,16.0
2022-09-18,35.0,44.0,14.0,7.0,9.0
2022-09-16,35.0,45.0,15.0,5.0,10.0
2022-09-15,33.0,45.0,16.0,6.0,12.0
2022-09-14,41.7,38.6,7.8,11.9,-3.1
2022-09-14,34.8,43.4,11.7,10.1,8.6
2022-09-14,43.5,30.5,13.8,12.1,-13.0
2022-09-13,37.0,43.0,15.0,5.0,6.0
2022-09-13,34.0,42.0,13.0,11.0,8.0
2022-09-12,36.5,39.6,19.4,10.0,3.1
2022-09-11,31.0,46.0,13.0,10.0,15.0
2022-09-11,35.0,41.0,18.0,6.0,6.0
2022-09-09,36.0,44.0,15.0,5.0,8.0
2022-09-09,34.0,45.0,14.0,7.0,11.0
2022-09-06,41.8,35.7,15.2,7.3,-6.1
2022-09-06,37.0,43.0,15.0,5.0,6.0
2022-09-05,36.4,40.2,13.4,10.0,3.8
2022-09-04,34.0,44.0,13.0,9.0,10.0
2022-09-04,31.0,44.0,14.0,11.0,13.0
2022-09-04,34.0,42.0,20.0,4.0,8.0
2022-09-02,43.6,41.9,11.0,3.5,-1.7
2022-09-01,39.0,38.0,16.0,7.0,-1.0
2022-09-01,35.0,44.0,16.0,5.0,9.0
2022-09-01,32.0,45.0,17.0,6.0,13.0
2022-08-31,35.0,43.0,16.0,6.0,8.0
2022-08-31,36.0,44.0,15.0,5.0,8.0
2022-08-31,37.1,41.3,11.7,9.9,4.2
2022-08-30,32.0,44.0,13.0,11.0,12.0
2022-08-30,34.1,42.3,10.8,12.8,8.2
2022-08-29,32.0,44.0,11.0,13.0,12.0
2022-08-29,36.0,43.0,14.0,7.0,7.0
2022-08-27,40.1,36.9,13.8,9.2,-3.2
2022-08-25,38.3,46.7,12.8,1.9,8.4
2022-08-25,36.0,44.0,15.0,5.0,8.0
2022-08-24,37.0,41.7,11.2,10.1,4.7
2022-08-24,41.0,32.9,8.8,17.3,-8.1
2022-08-23,35.0,45.0,15.0,6.0,10.0
2022-08-22,36.0,45.0,11.0,5.0,9.0
2022-08-18,32.0,47.0,13.0,8.0,15.0
2022-08-15,32.0,44.0,9.0,15.0,12.0
2022-08-15,34.0,45.0,13.0,8.0,11.0
2022-08-11,37.5,28.2,16.0,18.3,-9.3
2022-08-08,25.0,55.0,20.0,5.0,30.0
2022-08-04,35.0,43.0,16.0,6.0,8.0
2022-07-28,29.0,47.0,15.0,9.0,18.0
2022-07-24,31.0,44.0,15.0,10.0,13.0
2022-07-20,33.0,44.0,16.0,7.0,11.0
2022-07-19,37.0,43.0,12.0,8.0,6.0
2022-07-10,32.0,41.0,19.0,8.0,9.0
2022-07-10,32.0,42.0,17.0,9.0,10.0
2022-07-05,36.0,44.0,11.0,9.0,8.0
2022-07-02,31.0,45.0,12.0,12.0,14.0
2022-07-02,31.0,45.0,13.0,11.0,14.0
2022-07-02,31.0,47.0,12.0,12.0,16.0
2022-06-26,33.0,43.0,15.0,9.0,10.0
2022-06-24,37.6,38.9,12.5,11.0,1.3
2022-06-23,28.0,47.0,14.0,11.0,19.0
2022-06-22,36.0,45.0,12.0,7.0,9.0
2022-06-21,34.0,44.0,13.0,9.0,10.0
2022-06-12,32.0,44.0,16.0,8.0,12.0
2022-06-07,35.0,43.0,12.0,10.0,8.0
2022-06-05,30.0,46.0,11.0,13.0,16.0
2022-06-05,29.0,47.0,12.0,12.0,18.0
2022-06-05,30.0,48.0,11.0,11.0,18.0
2022-06-03,37.0,39.0,14.0,10.0,2.0
2022-06-03,37.0,39.0,15.0,9.0,2.0
2022-06-01,34.0,45.0,14.0,7.0,11.0
2022-05-30,35.3,41.4,13.2,10.1,6.1
2022-05-29,32.0,46.0,14.0,8.0,14.0
2022-05-26,27.0,48.0,14.0,11.0,21.0
2022-05-25,34.0,45.0,16.0,5.0,11.0
2022-05-24,32.0,40.0,15.0,13.0,8.0
2022-05-24,35.0,43.0,12.0,10.0,8.0
2022-05-19,36.0,41.0,12.2,10.8,5.0
2022-05-19,32.0,41.0,15.0,12.0,9.0
2022-05-19,33.0,40.0,13.0,14.0,7.0
2022-05-18,32.0,44.0,16.0,8.0,12.0
2022-05-11,32.0,44.0,14.0,10.0,12.0
2022-05-10,35.0,42.0,14.0,9.0,7.0
2022-05-10,35.0,42.0,16.0,7.0,7.0
2022-05-08,29.0,46.0,16.0,9.0,17.0
2022-05-08,31.0,46.0,13.0,10.0,15.0
2022-05-08,33.0,50.0,5.0,12.0,17.0
2022-05-08,33.0,48.0,9.0,10.0,15.0
2022-05-07,32.0,40.6,15.3,12.1,8.6
2022-05-04,31.0,44.0,15.0,10.0,13.0
2022-05-03,35.2,40.0,14.1,10.7,4.8
2022-05-03,35.7,42.6,8.9,12.8,6.9
2022-04-26,36.0,41.0,16.0,7.0,5.0
2022-04-24,32.0,41.0,18.0,9.0,9.0
2022-04-20,31.0,45.0,14.0,10.0,14.0
2022-04-20,33.0,42.0,18.0,7.0,9.0
2022-04-12,35.0,40.0,14.0,11.0,5.0
2022-04-05,30.0,44.0,14.0,12.0,14.0
2022-04-05,35.3,41.5,10.1,13.1,6.2
2022-04-03,31.0,45.0,12.0,12.0,14.0
2022-04-05,35.0,37.0,21.0,7.0,2.0
2022-03-29,32.0,41.0,20.0,7.0,9.0
2022-03-25,35.5,38.5,16.6,9.4,3.0
2022-03-23,26.0,43.0,23.0,8.0,17.0
2022-03-23,26.0,43.0,21.0,10.0,17.0
2022-03-23,26.0,44.0,22.0,8.0,18.0
2022-03-23,26.0,43.0,22.0,9.0,17.0
2022-03-23,26.0,44.0,21.0,9.0,18.0
2022-03-23,29.0,40.0,25.0,6.0,11.0
2022-03-20,29.0,43.0,23.0,5.0,14.0
2022-03-15,30.0,40.0,22.0,8.0,10.0
2022-03-13,26.0,44.0,17.0,13.0,18.0
2022-03-13,25.0,45.0,20.0,10.0,20.0
2022-03-13,28.0,48.0,12.0,12.0,20.0
2022-03-12,32.4,39.0,18.1,10.5,6.6
2022-03-10,31.0,38.0,23.0,8.0,7.0
2022-03-09,28.0,43.0,20.0,9.0,15.0
2022-03-08,30.9,38.9,19.0,11.2,8.0
2022-03-01,32.0,40.0,20.0,8.0,8.0
2022-02-23,26.0,43.0,22.0,9.0,17.0
2022-02-22,27.0,42.0,25.0,6.0,15.0
2022-02-19,28.0,42.2,17.6,12.2,14.2
2022-02-17,34.7,35.0,19.8,10.5,0.3
2022-02-15,31.0,40.0,21.0,8.0,9.0
2022-02-09,25.0,43.0,20.0,12.0,18.0
2022-02-06,23.0,45.0,19.0,13.0,22.0
2022-02-01,29.1,40.1,20.5,10.3,11.0
2022-02-01,30.0,41.0,21.0,8.0,11.0
2022-01-25,24.0,44.0,20.0,12.0,20.0
2022-01-21,33.2,39.5,19.1,8.2,6.3
2022-01-18,28.0,42.0,18.0,12.0,14.0
2022-01-13,24.0,41.0,24.0,11.0,17.0
2022-01-12,24.0,44.0,19.0,13.0,20.0
2022-01-09,23.0,45.0,20.0,12.0,22.0
