eleccion,cand,poll,real,err,rank,trend,logratio
Argentina 2023,Milei,37.98,33.109,-4.871,1,-0.042,-0.137
Argentina 2023,Massa,33.37,40.605,7.235,2,0.027,0.196
Argentina 2023,Bullrich,28.65,26.286,-2.364,3,0.026,-0.086
Mexico 2024,Sheinbaum,54.198,61.266,7.068,1,0.004,0.123
Mexico 2024,Galvez,33.794,28.149,-5.644,2,-0.061,-0.183
Mexico 2024,Maynez,12.009,10.585,-1.424,3,0.174,-0.126
Ecuador 2025,Noboa,53.112,50.096,-3.016,1,0.088,-0.058
Ecuador 2025,Gonzalez,46.888,49.904,3.016,2,-0.091,0.062
Bolivia 2025,Doria Medina,31.988,20.324,-11.664,1,-0.063,-0.454
Bolivia 2025,Quiroga,30.98,27.56,-3.42,2,-0.028,-0.117
Bolivia 2025,Reyes Villa,12.536,6.967,-5.569,3,0.056,-0.587
Bolivia 2025,Rodriguez,10.231,8.784,-1.446,5,-0.014,-0.152
Bolivia 2025,Paz,11.383,33.092,21.709,4,0.247,1.067
Bolivia 2025,Del Castillo,2.882,3.272,0.39,6,-0.028,0.127
Chile 2025,Jara,32.579,27.835,-4.744,1,0.032,-0.157
Chile 2025,Kast,22.398,24.742,2.344,2,-0.12,0.1
Chile 2025,Matthei,16.176,12.371,-3.805,4,-0.031,-0.268
Chile 2025,Kaiser,17.873,14.433,-3.44,3,0.153,-0.214
Chile 2025,Parisi,10.973,20.619,9.646,5,-0.017,0.631
Honduras 2025,Nasralla,41.935,39.945,-1.99,1,,-0.049
Honduras 2025,Asfura,32.258,40.663,8.404,2,,0.232
Honduras 2025,Moncada,25.806,19.392,-6.414,3,,-0.286
Costa Rica 2026,Fernandez,69.492,52.16,-17.331,1,0.021,-0.287
Costa Rica 2026,Ramos,11.695,36.167,24.472,2,-0.075,1.129
Costa Rica 2026,Dobles,7.797,5.277,-2.519,3,0.371,-0.39
Costa Rica 2026,Robles,5.763,4.041,-1.721,4,-0.076,-0.355
Costa Rica 2026,Alvarado,5.254,2.354,-2.9,5,-0.386,-0.803
Peru 2026,Fujimori,26.429,21.246,-5.183,1,0.078,-0.218
Peru 2026,Lopez Aliaga,15.179,14.72,-0.459,3,-0.381,-0.031
Peru 2026,Sanchez,8.929,14.881,5.952,5,-0.219,0.511
Peru 2026,Nieto,7.143,13.571,6.428,7,-0.442,0.642
Peru 2026,Belmont,10.714,12.545,1.831,4,0.88,0.158
Peru 2026,Alvarez,16.964,9.801,-7.163,2,0.423,-0.549
Peru 2026,Lopez Chau,8.75,9.022,0.272,6,-0.239,0.031
Peru 2026,Perez Tello,5.893,4.215,-1.678,8,0.282,-0.335
Colombia 2026,Cepeda,45.107,44.665,-0.442,1,,-0.01
Colombia 2026,De la Espriella,36.108,47.778,11.67,2,,0.28
Colombia 2026,Valencia,18.785,7.557,-11.228,3,,-0.911
