anio,region,peso_votos_validos_pct,candidato_izquierda,pct_izquierda,pct_bolsonaro,margen_izq_menos_bolsonaro,aporte_al_margen_nacional
2022,Nordeste,27.7,Lula,67.2,27.0,40.3,11.14
2022,Sudeste,41.8,Lula,42.9,47.9,-4.9,-2.07
2022,Sur,14.8,Lula,36.9,55.2,-18.2,-2.7
2022,Centro-Oeste,7.5,Lula,37.9,54.1,-16.2,-1.21
2022,Norte,8.3,Lula,47.3,45.5,1.7,0.14
2018,Nordeste,27.1,Haddad,51.1,26.0,25.2,6.81
2018,Sudeste,41.9,Haddad,19.2,54.1,-34.8,-14.6
2018,Sur,15.3,Haddad,19.8,58.5,-38.6,-5.92
2018,Centro-Oeste,7.5,Haddad,20.8,58.2,-37.4,-2.79
2018,Norte,8.3,Haddad,37.0,43.6,-6.6,-0.55
